{"cameraMode":{"drawMode":0,"name":"Shaded","section":"Shading Mode"},"sceneLighting":true,"audioPlay":false,"sceneViewState":{"m_AlwaysRefresh":false,"showFog":true,"showSkybox":true,"showFlares":true,"showImageEffects":true,"showParticleSystems":true,"showVisualEffectGraphs":true,"m_FxEnabled":true},"in2DMode":false,"pivot":{"x":20.887475967407228,"y":1.6133463382720948,"z":-6.192454814910889},"rotation":{"x":-0.07086586952209473,"y":0.21346686780452729,"z":-0.015525847673416138,"w":-0.9742642641067505},"size":4.052989482879639,"orthographic":false}